{
    "data": [
        {
           "id": "img1",
           "name":"Food 1",
           "url":"assets/images/food-1.jpg"
        },
        {
            "id": "img2",
            "name":"Food 2",
            "url":"assets/images/food-2.jpg"
         },
         {
            "id": "img3",
            "name":"Food 3",
            "url":"assets/images/food-3.jpg"
         },
         {
             "id": "img4",
             "name":"Food 4",
             "url":"assets/images/food-4.jpg"
          }
    ]
}