{
    "data": [
        {
            "id":1,
            "name":"Lifestyle - Family",
            "url":"assets/images/family.jpg"
        },
        {
            "id":2,
            "name":"Food - Drink",
            "url":"assets/images/food-drink.jpg"
        },
        {
            "id":3,
            "name":"Education",
            "url":"assets/images/education.jpg"
        },
        {
            "id":4,
            "name":"Health - Fitness",
            "url":"assets/images/health-fitness.jpg"
        }
    ]
}