{
    "data": [
        {
           "type": "jpg",
           "dimension":"480x240",
           "detail1":"detail 1",
           "detail2":"detail 2",
           "detail3":"detail 3",
           "detail4":"detail 4"
        },
        {
            "type": "png",
            "dimension":"480x240",
            "detail1":"detail 1",
            "detail2":"detail 2",
            "detail3":"detail 3",
            "detail4":"detail 4"
         },
         {
            "type": "gif",
            "dimension":"480x240",
            "detail1":"detail 1",
            "detail2":"detail 2",
            "detail3":"detail 3",
            "detail4":"detail 4"
         },
         {
             "type": "bmp",
             "dimension":"480x240",
             "detail1":"detail 1",
             "detail2":"detail 2",
             "detail3":"detail 3",
             "detail4":"detail 4"
          },
          {
            "type": "jpeg",
            "dimension":"480x240",
            "detail1":"detail 1",
            "detail2":"detail 2",
            "detail3":"detail 3",
            "detail4":"detail 4"
         }
    ]
}